country,station_name,station_id,latitude,longitude
South Korea,Ulsan,152,35.5389,129.3114
South Korea,Busan,159,35.1017,129.03
South Korea,Seoul,108,37.5665,126.978
South Korea,Daegu,143,35.8714,128.6014
South Korea,Incheon,112,37.4563,126.7052
South Korea,Daejeon,133,36.3504,127.3845
South Korea,Gwangju,156,35.1595,126.8526
South Korea,Suwon,119,37.2636,127.0286
South Korea,Jeju,184,33.4996,126.5312
